artistName,genre
((( O ))),alternative r&b
((( O ))),experimental hip hop
((( O ))),indie r&b
((( O ))),indie soul
(dc),album rock
(dc),australian rock
(dc),hard rock
(dc),rock
21 Savage,atl hip hop
21 Savage,rap
21 Savage,trap
2Pac,g funk
2Pac,gangster rap
2Pac,hip hop
2Pac,rap
2Pac,west coast rap
50 Cent,east coast hip hop
50 Cent,gangster rap
50 Cent,hip hop
50 Cent,pop rap
50 Cent,queens hip hop
50 Cent,rap
88rising,asian american hip hop
88rising,pop
@Peace,piano cover
A Tribe Called Quest,alternative hip hop
A Tribe Called Quest,conscious hip hop
A Tribe Called Quest,east coast hip hop
A Tribe Called Quest,gangster rap
A Tribe Called Quest,hardcore hip hop
A Tribe Called Quest,hip hop
A Tribe Called Quest,jazz rap
A Tribe Called Quest,queens hip hop
A Tribe Called Quest,rap
A$AP Ferg,hip hop
A$AP Ferg,pop rap
A$AP Ferg,rap
A$AP Ferg,southern hip hop
A$AP Ferg,trap
A$AP Ferg,underground hip hop
A$AP Rocky,east coast hip hop
A$AP Rocky,hip hop
A$AP Rocky,pop rap
A$AP Rocky,rap
A$AP Rocky,southern hip hop
A$AP Rocky,trap
ADOY,k-indie
ADOY,korean city pop
ADOY,korean indie rock
ADOY,thai indie rock
ASTR,dance pop
ASTR,electropop
ASTR,norwegian pop
ASTR,pop
ASTR,post-teen pop
ASTR,swedish pop
ASTR,tropical house
ASTR,uk pop
AUGUST 08,la pop
AUGUST 08,r&b
Aaron Taylor,alternative r&b
Aaron Taylor,funk
Aaron Taylor,indie jazz
Aaron Taylor,indie r&b
Aaron Taylor,indie soul
Aaron Taylor,neo r&b
Aaron Taylor,soul
Aaron Taylor,uk contemporary r&b
AbJo,abstract beats
Action Bronson,alternative hip hop
Action Bronson,east coast hip hop
Action Bronson,escape room
Action Bronson,hip hop
Action Bronson,nyc rap
Action Bronson,queens hip hop
Action Bronson,rap
Action Bronson,southern hip hop
Action Bronson,underground hip hop
Ady Suleiman,indie soul
Ady Suleiman,uk contemporary r&b
Alextbh,alternative r&b
Alextbh,chill r&b
Alextbh,indie r&b
Alextbh,malaysian indie
Alina Baraz,alternative r&b
Alina Baraz,electropop
Alina Baraz,etherpop
Alina Baraz,pop
Aloe Blacc,pop soul
Aloe Blacc,r&b
Altin Gün,dutch indie
Altin Gün,turkish psych
AlunaGeorge,electropop
AlunaGeorge,house
AlunaGeorge,pop
AlunaGeorge,tropical house
Ambassadeurs,vapor twitch
Amerie,alternative r&b
Amerie,dance pop
Amerie,hip hop
Amerie,hip pop
Amerie,neo soul
Amerie,pop r&b
Amerie,pop rap
Amerie,r&b
Amerie,urban contemporary
Amy Winehouse,british soul
Amy Winehouse,neo soul
Anderson .Paak,escape room
Andy Mineo,christian hip hop
Andy Mineo,christian trap
Anik Khan,desi hip hop
Antonín Dvořák,classical
Antonín Dvořák,czech classical
Antonín Dvořák,late romantic era
Antônio Carlos Jobim,adult standards
Antônio Carlos Jobim,bossa nova
Antônio Carlos Jobim,brazilian classical
Antônio Carlos Jobim,brazilian jazz
Antônio Carlos Jobim,latin classical
Antônio Carlos Jobim,mpb
Antônio Carlos Jobim,violao
Anushka,filmi
Anushka,modern bollywood
Apollo Brown,alternative hip hop
Apollo Brown,boom bap
Apollo Brown,hip hop
Ari Lennox,alternative r&b
Ari Lennox,dmv rap
Ari Lennox,indie r&b
Ari Lennox,indie soul
Ari Lennox,neo soul
Ari Lennox,pop
Ari Lennox,r&b
Ari Lennox,urban contemporary
Ariana Grande,dance pop
Ariana Grande,pop
Ariana Grande,post-teen pop
Arizona Zervas,pop rap
Arizona Zervas,rap
Arizona Zervas,rhode island rap
Ark Patrol,future bass
Ark Patrol,vapor soul
Ark Patrol,vapor twitch
Astrud Gilberto,adult standards
Astrud Gilberto,bossa nova
Astrud Gilberto,brazilian jazz
Astrud Gilberto,lounge
Astrud Gilberto,samba-jazz
Astrud Gilberto,vocal jazz
Atlas Bound,vapor soul
Atmosphere,alternative hip hop
Atmosphere,conscious hip hop
Atmosphere,minnesota hip hop
Atmosphere,pop rap
Audrey,pop
Audrey,social media pop
August Greene,jazz rap
August Greene,neo r&b
Awon,jazz rap
B.J. Thomas,adult standards
B.J. Thomas,brill building pop
B.J. Thomas,bubblegum pop
B.J. Thomas,classic country pop
B.J. Thomas,folk
B.J. Thomas,folk rock
B.J. Thomas,mellow gold
B.J. Thomas,soft rock
BADBADNOTGOOD,alternative hip hop
BADBADNOTGOOD,canadian modern jazz
BADBADNOTGOOD,escape room
BADBADNOTGOOD,indie soul
BJ The Chicago Kid,alternative r&b
BJ The Chicago Kid,chicago rap
BJ The Chicago Kid,hip hop
BJ The Chicago Kid,neo soul
BJ The Chicago Kid,rap
BJ The Chicago Kid,southern hip hop
BJ The Chicago Kid,underground hip hop
BTS,k-pop
BTS,k-pop boy group
Baby Keem,hip hop
Baby Keem,rap
Baby Keem,trap
Baby Keem,underground hip hop
Baby Keem,vapor trap
Bad Bunny,latin
Bad Bunny,reggaeton
Bad Bunny,trap latino
Bahamadia,hardcore hip hop
Bahamadia,hip hop
Bahamadia,philly rap
Bambu,political hip hop
Bas,metropopolis
Bas,modern rock
Bas,pop
Bas,pop rock
Bazzi,pop
Bazzi,post-teen pop
Beach Fossils,brooklyn indie
Beach Fossils,chillwave
Beach Fossils,indie garage rock
Beach Fossils,indie pop
Beach Fossils,indie rock
Beach Fossils,indie surf
Beach Fossils,nu gaze
Beach Fossils,popgaze
Beach Fossils,shoegaze
Bearcubs,alternative r&b
Bearcubs,future garage
Bearcubs,indie soul
Bearcubs,vapor soul
Bearcubs,vapor twitch
Beat Connection,chillwave
Beat Connection,shimmer pop
Bebe Rexha,dance pop
Bebe Rexha,electropop
Bebe Rexha,pop
Bebe Rexha,post-teen pop
Beenzino,k-indie
Beenzino,k-rap
Beenzino,korean pop
Beenzino,korean r&b
Benny Sings,dutch pop
Benny Sings,indie jazz
Benny Sings,indie soul
Berhana,alternative r&b
Berhana,chill r&b
Berhana,indie r&b
Berhana,indie soul
Beyoncé,dance pop
Beyoncé,pop
Beyoncé,r&b
Bibio,ambient folk
Bibio,chillwave
Bibio,downtempo
Bibio,electronica
Bibio,folktronica
Bibio,indie soul
Big Boi,atl hip hop
Big Boi,dirty south rap
Big Boi,hip hop
Big Boi,pop rap
Big Boi,southern hip hop
Big Grams,escape room
Big Sean,detroit hip hop
Big Sean,hip hop
Big Sean,pop rap
Big Sean,rap
Big Sean,southern hip hop
Big Sean,trap
Bill Withers,funk
Bill Withers,motown
Bill Withers,quiet storm
Bill Withers,soul
Billie Eilish,electropop
Billie Eilish,pop
Billy Joel,album rock
Billy Joel,classic rock
Billy Joel,folk rock
Billy Joel,mellow gold
Billy Joel,piano rock
Billy Joel,rock
Billy Joel,singer-songwriter
Billy Joel,soft rock
Billy Lemos,alternative r&b
Billy Lemos,bedroom pop
Billy Lemos,indie r&b
Blackalicious,alternative hip hop
Blackalicious,hip hop
Blackalicious,turntablism
Blanco,pop
Blanco,pop rap
Blazo,ambeat
Blazo,chillhop
BlocBoy JB,pop rap
BlocBoy JB,rap
BlocBoy JB,southern hip hop
BlocBoy JB,tennessee hip hop
BlocBoy JB,trap
BlocBoy JB,vapor trap
Blood Orange,alternative r&b
Blood Orange,art pop
Blood Orange,chillwave
Blood Orange,electropop
Blood Orange,escape room
Blood Orange,indie soul
Blood Orange,metropopolis
Blu Cantrell,hip pop
Blu Cantrell,r&b
Blu Cantrell,urban contemporary
Bluestaeb,chillhop
Bluestaeb,jazz boom bap
BoA,ambient
BoA,electronica
BoA,intelligent dance music
BoA,microhouse
BoA,scottish electronic
BoA,trip hop
Bohan Phoenix,asian american hip hop
Bohan Phoenix,chinese hip hop
Bonobo,downtempo
Bonobo,electronica
Bonobo,jazztronica
Bonobo,ninja
Bonobo,nu jazz
Bonobo,trip hop
Boogie,melodic rap
Boogie,pop rap
Boogie,rap
Brasstracks,alternative r&b
Brasstracks,indie r&b
Brasstracks,indie soul
Brasstracks,nyc pop
Breakbot,alternative dance
Breakbot,disco house
Breakbot,filter house
Breakbot,new french touch
Breakbot,nu disco
Bruno Mars,dance pop
Bruno Mars,pop
Bruno Mars,post-teen pop
C.L. Smooth,alternative hip hop
C.L. Smooth,east coast hip hop
C.L. Smooth,gangster rap
C.L. Smooth,hardcore hip hop
C.L. Smooth,hip hop
C.L. Smooth,jazz rap
C.L. Smooth,rap
C.L. Smooth,turntablism
CHINAH,danish electropop
Calvin Harris,dance pop
Calvin Harris,edm
Calvin Harris,electro house
Calvin Harris,house
Calvin Harris,pop
Calvin Harris,progressive house
Calvin Harris,uk dance
Camille Saint-Saëns,classical
Camille Saint-Saëns,french romanticism
Camille Saint-Saëns,late romantic era
Cardi B,pop
Cardi B,pop rap
Cardi B,rap
Caroline Polachek,art pop
Caroline Polachek,dance pop
Caroline Polachek,electropop
Caroline Polachek,escape room
Caroline Polachek,hyperpop
Caroline Polachek,indietronica
Caroline Smith,minneapolis indie
Caroline Smith,stomp and holler
Cashmere Cat,dance pop
Cashmere Cat,downtempo
Cashmere Cat,pop
Cashmere Cat,post-teen pop
Cashmere Cat,shiver pop
Catching Flies,downtempo
Catching Flies,electronica
Catching Flies,indie dream pop
Catching Flies,indie soul
Catching Flies,new french touch
Catching Flies,vapor soul
Catching Flies,vapor twitch
Chance the Rapper,chicago rap
Chance the Rapper,conscious hip hop
Chance the Rapper,hip hop
Chance the Rapper,pop rap
Chance the Rapper,rap
Chaos In The CBD,bass music
Chaos In The CBD,deep house
Chaos In The CBD,electronica
Chaos In The CBD,float house
Chaos In The CBD,future garage
Chaos In The CBD,indie soul
Chaos In The CBD,nz electronic
Charles Bradley,funk
Charles Bradley,soul
Charli XCX,art pop
Charli XCX,candy pop
Charli XCX,dance pop
Charli XCX,electropop
Charli XCX,escape room
Charli XCX,metropopolis
Charli XCX,pop
Charli XCX,post-teen pop
Charli XCX,uk pop
Charlie Heat,new jersey rap
Charlie Puth,dance pop
Charlie Puth,pop
Charlie Puth,post-teen pop
Charlie Puth,viral pop
Chico Mann,latin afrobeat
Chico Mann,latintronica
Childish Gambino,atl hip hop
Childish Gambino,hip hop
Childish Gambino,pop rap
Childish Gambino,rap
Christian Rich,alternative r&b
Chrome Sparks,chillwave
Chrome Sparks,shimmer psych
Chrome Sparks,vapor soul
Chrome Sparks,vapor twitch
Ciscero,dmv rap
Clams Casino,chillwave
Clams Casino,experimental hip hop
Clams Casino,psychedelic hip hop
Clams Casino,underground hip hop
Clams Casino,vapor twitch
Clams Casino,witch house
Claude Debussy,classical
Claude Debussy,impressionism
Claude Debussy,post-romantic era
Clean Bandit,dance pop
Clean Bandit,edm
Clean Bandit,pop
Clean Bandit,post-teen pop
Clean Bandit,tropical house
Clean Bandit,uk dance
Clean Bandit,uk funky
Clipse,alternative hip hop
Clipse,gangster rap
Clipse,hardcore hip hop
Clipse,hip hop
Clipse,pop rap
Clipse,rap
Clipse,southern hip hop
Clipse,trap
Clipse,virginia hip hop
Cody Lovaas,la pop
Cold Callers,psychedelic hip hop
Coldplay,permanent wave
Coldplay,pop
Cole King,adult standards
Cole King,vocal jazz
Colossus,dark trap
Common,alternative hip hop
Common,chicago rap
Common,conscious hip hop
Common,gangster rap
Common,hardcore hip hop
Common,hip hop
Common,neo soul
Common,political hip hop
Common,rap
Common,southern hip hop
Consequence,nyc rap
Consequence,queens hip hop
Cookin Soul,trap latino
Cool Calm Pete,jazz rap
Cool Company,alternative r&b
Cool Company,indie r&b
Cool Company,indie soul
Cool Company,vapor soul
Coolio,g funk
Coolio,gangster rap
Coolio,hip hop
Coolio,rap
Coolio,west coast rap
CoryaYo,chillhop
Cosmo's Midnight,australian dance
Cosmo's Midnight,australian hip hop
Cosmo's Midnight,australian indie
Cosmo's Midnight,australian pop
Cosmo's Midnight,indie dream pop
Cosmo's Midnight,indie soul
Cosmo's Midnight,vapor soul
Cru,album rock
Cru,glam metal
Cru,hard rock
Cru,metal
Cru,rock
Cru,sleaze rock
Crush,k-pop
Crush,korean r&b
DADARAY,j-pixie
DAOKO×米津玄師,anime score
DAOKO×米津玄師,j-pixie
DAOKO×米津玄師,japanese electropop
DEAN,australian pop
DEAN,pop
DECAP,brutal death metal
DECAP,death metal
DECAP,deathgrind
DECAP,goregrind
DECAP,grindcore
DECAP,technical death metal
DECAP,technical grindcore
DJ Cam Quartet,jazz quartet
DJ Cam Quartet,nu jazz
DJ Grumble,chillhop
DJ Grumble,jazz boom bap
DJ Honda,hardcore hip hop
DJ Honda,turntablism
DJ Khaled,dance pop
DJ Khaled,hip hop
DJ Khaled,miami hip hop
DJ Khaled,pop
DJ Khaled,pop rap
DJ Khaled,rap
DJ Khaled,southern hip hop
DJ Khaled,trap
DJ Snake,dance pop
DJ Snake,edm
DJ Snake,electro house
DJ Snake,electronic trap
DJ Snake,pop
DJ Snake,pop rap
DNCE,dance pop
DNCE,pop
DNCE,pop rock
DNCE,post-teen pop
DRAM,pop rap
DRAM,rap
DRAM,trap
DRAM,virginia hip hop
Daft Punk,electro
Daft Punk,filter house
Damian Marley,reggae
Damian Marley,reggae fusion
Daniel Caesar,canadian contemporary r&b
Daniel Caesar,pop
Darondo,afrobeat
Darondo,classic soul
Darondo,funk
Darondo,indie soul
Darondo,soul
Daryl Hall & John Oates,album rock
Daryl Hall & John Oates,classic rock
Daryl Hall & John Oates,folk rock
Daryl Hall & John Oates,mellow gold
Daryl Hall & John Oates,rock
Daryl Hall & John Oates,soft rock
Daryl Hall & John Oates,yacht rock
Day Fly,neo r&b
Day Fly,uk alternative pop
De La Soul,alternative hip hop
De La Soul,east coast hip hop
De La Soul,hardcore hip hop
De La Soul,hip hop
De La Soul,jazz rap
De La Soul,rap
Dead Prez,alternative hip hop
Dead Prez,conscious hip hop
Dead Prez,east coast hip hop
Dead Prez,hardcore hip hop
Dead Prez,hip hop
Dead Prez,political hip hop
Deb Never,indie r&b
Deb Never,modern indie pop
Deca,argentine rock
Deca,cuarteto
Deca,latin alternative
Deca,latin rock
Deca,rock en espanol
Deca,ska argentino
Declaime,alternative hip hop
Dela,canadian electropop
Dela,electropop
Dela,indie electropop
Depeche Mode,dance rock
Depeche Mode,new romantic
Depeche Mode,new wave
Depeche Mode,permanent wave
Depeche Mode,synthpop
Diddy,dance pop
Diddy,east coast hip hop
Diddy,hip hop
Diddy,hip pop
Diddy,pop rap
Diddy,r&b
Diddy,rap
Dijon,alternative r&b
Dijon,bedroom soul
Dijon,indie r&b
Dirty Art Club,charlotte nc indie
Dirty Art Club,chillhop
Dirty Art Club,wonky
Disclosure,house
Disclosure,pop
Disclosure,uk dance
Doja Cat,la indie
Doja Cat,pop
Domo Genesis,alternative hip hop
Domo Genesis,hip hop
Domo Genesis,rap
Domo Genesis,underground hip hop
Dr Who Dat?,wonky
Dr. Dre,g funk
Dr. Dre,gangster rap
Dr. Dre,hip hop
Dr. Dre,rap
Dr. Dre,west coast rap
Drake,canadian hip hop
Drake,canadian pop
Drake,hip hop
Drake,pop rap
Drake,rap
Drake,toronto rap
Dre'es,bedroom soul
Dua Lipa,dance pop
Dua Lipa,pop
Dua Lipa,uk pop
Dumbfoundead,asian american hip hop
Dumbfoundead,battle rap
Dumbfoundead,k-rap
EARTHGANG,atl hip hop
EARTHGANG,hip hop
EARTHGANG,psychedelic hip hop
EARTHGANG,rap
EARTHGANG,underground hip hop
ESTA.,chillwave
ESTA.,freak folk
ESTA.,indie pop
ESTA.,indie rock
ESTA.,lo-fi
ESTA.,new jersey indie
ESTA.,noise pop
ESTA.,nu gaze
ESTA.,shimmer pop
Earl Sweatshirt,alternative hip hop
Earl Sweatshirt,escape room
Earl Sweatshirt,experimental hip hop
Earl Sweatshirt,hip hop
Earl Sweatshirt,rap
Earl Sweatshirt,underground hip hop
Ed Sheeran,pop
Ed Sheeran,uk pop
Edvard Grieg,classical
Edvard Grieg,late romantic era
Edvard Grieg,norwegian classical
Ekali,canadian electronic
Ekali,edm
Ekali,electro house
Ekali,electronic trap
Ekali,electropop
Ekali,future bass
Ekali,pop
Ekali,pop edm
Ekali,tropical house
Ekali,vapor twitch
Elderbrook,deep house
Elderbrook,house
Elderbrook,new french touch
Elderbrook,tropical house
Electric Guest,alternative dance
Electric Guest,indie pop
Electric Guest,indie poptimism
Electric Guest,indie rock
Electric Guest,indietronica
Electric Guest,la indie
Electric Guest,modern rock
Electric Guest,shimmer pop
Electric Guest,vapor soul
Electric Mantis,future bass
Electric Mantis,vapor twitch
Elton,glam rock
Elton,mellow gold
Elton,piano rock
Elton,soft rock
Elujay,alternative r&b
Elujay,cali rap
Elujay,chill r&b
Elujay,indie r&b
Elzhi,alternative hip hop
Elzhi,boom bap
Elzhi,detroit hip hop
Elzhi,hip hop
Elzhi,soul flow
Elzhi,underground rap
Emeli Sandé,dance pop
Emeli Sandé,neo soul
Emeli Sandé,pop
Emeli Sandé,r&b
Emeli Sandé,uk pop
Emily King,indie soul
Emily King,neo r&b
Emily King,neo soul
Emily King,nyc pop
Emily King,pop soul
Emily King,r&b
Emily King,soul
Emily King,urban contemporary
Eminem,detroit hip hop
Eminem,hip hop
Eminem,rap
Epik High,k-indie
Epik High,k-pop
Epik High,k-rap
Epik High,korean pop
Eric Lau,broken beat
Eric Lau,indie jazz
Eric Lau,neo r&b
Erykah Badu,afrofuturism
Erykah Badu,hip hop
Erykah Badu,neo soul
Erykah Badu,r&b
Erykah Badu,soul
Erykah Badu,urban contemporary
Esperanza Spalding,electric bass
Esperanza Spalding,jazz fusion
Esperanza Spalding,jazz pop
Esperanza Spalding,neo soul
Esperanza Spalding,vocal jazz
Evenings,chillwave
Evenings,glitch pop
Everything Is Recorded,alternative r&b
Everything Is Recorded,indie soul
Exmag,funk rock
Exmag,livetronica
FKJ,filter house
FKJ,indie soul
Fashawn,alternative hip hop
Fashawn,soul flow
Fela Kuti,afrobeat
Fela Kuti,afropop
Fela Kuti,funk
Fela Kuti,soul
Fela Kuti,world
Fetty Wap,new jersey rap
Fetty Wap,pop rap
Fetty Wap,rap
Fetty Wap,southern hip hop
Fetty Wap,trap
Flamingosis,chillhop
Flamingosis,future funk
Fleetwood Mac,album rock
Fleetwood Mac,classic rock
Fleetwood Mac,mellow gold
Fleetwood Mac,rock
Fleetwood Mac,soft rock
Fleetwood Mac,yacht rock
Flight Facilities,alternative dance
Flight Facilities,aussietronica
Flight Facilities,australian dance
Flight Facilities,australian indie
Flight Facilities,indie soul
Flight Facilities,nu disco
Flo Rida,dance pop
Flo Rida,miami hip hop
Flo Rida,pop
Flo Rida,pop rap
FloFilz,chillhop
FloFilz,jazz boom bap
FloFilz,lo-fi beats
Flume,australian dance
Flume,australian electropop
Flume,australian indie
Flume,downtempo
Flume,edm
Flying Lotus,afrofuturism
Flying Lotus,alternative hip hop
Flying Lotus,chillwave
Flying Lotus,electronica
Flying Lotus,escape room
Flying Lotus,experimental hip hop
Flying Lotus,glitch
Flying Lotus,glitch hop
Flying Lotus,hip hop
Flying Lotus,intelligent dance music
Flying Lotus,jazztronica
Flying Lotus,psychedelic hip hop
Flying Lotus,wonky
Forrest.,pop
Francis and the Lights,alternative r&b
Frank Ocean,alternative r&b
Frank Ocean,hip hop
Frank Ocean,lgbtq+ hip hop
Frank Ocean,neo soul
Frank Ocean,pop
Franz Liszt,classical
Franz Liszt,late romantic era
Franz Schubert,classical
Franz Schubert,classical era
Franz Schubert,early romantic era
Freddie Joachim,ambeat
Freddie Joachim,chillhop
Freddie Joachim,jazz boom bap
Frederick Delius,classical
Frederick Delius,early modern classical
Frederick Delius,impressionism
Frederick Delius,post-romantic era
Free Nationals,alternative r&b
Free Nationals,indie soul
Free n Losh,vapor soul
French Montana,hip hop
French Montana,pop rap
French Montana,rap
French Montana,southern hip hop
French Montana,trap
Frédéric Chopin,classical
Frédéric Chopin,early romantic era
Frédéric Chopin,polish classical
Full Crate,alternative r&b
Full Crate,chill r&b
Full Crate,dutch pop
Full Crate,dutch r&b
Full Crate,indie r&b
Full Crate,indie soul
Future,atl hip hop
Future,pop rap
Future,rap
Future,southern hip hop
Future,trap
G Perico,cali rap
G Perico,west coast trap
Gabriel Fauré,classical
Gabriel Fauré,post-romantic era
Gabriel Garzón-Montano,alternative r&b
Gabriel Garzón-Montano,indie jazz
Gabriel Garzón-Montano,indie r&b
Gabriel Garzón-Montano,indie soul
Gabriel Garzón-Montano,neo r&b
Galimatias,chillstep
Galimatias,future bass
Galimatias,vapor twitch
Gallant,alternative r&b
Gary Clark Jr.,blues rock
Gary Clark Jr.,electric blues
Gary Clark Jr.,funk
Gary Clark Jr.,modern blues
Gary Clark Jr.,modern blues rock
Gary Clark Jr.,rock
Gary Clark Jr.,soul blues
Gary Clark Jr.,texas blues
Gesu No Kiwami Otome,j-pop
Gesu No Kiwami Otome,j-rock
Ginger Root,oc indie
Ginuwine,dance pop
Ginuwine,hip hop
Ginuwine,hip pop
Ginuwine,neo soul
Ginuwine,new jack swing
Ginuwine,pop
Ginuwine,r&b
Ginuwine,southern hip hop
Ginuwine,urban contemporary
Giraffage,chillwave
Giraffage,future bass
Giraffage,indie dream pop
Giraffage,vapor soul
Giraffage,vapor twitch
Gizmo,dark trap
Gizmo,emo rap
Gizmo,scream rap
Gizmo,underground hip hop
Gold Panda,bass music
Gold Panda,chillwave
Gold Panda,electronica
Gold Panda,future garage
Gold Panda,indietronica
Gold Panda,microhouse
Gold Panda,wonky
GoldLink,alternative r&b
GoldLink,dmv rap
GoldLink,hip hop
GoldLink,rap
GoldLink,underground hip hop
Good Times Ahead,bass trap
Good Times Ahead,brostep
Good Times Ahead,edm
Good Times Ahead,electro house
Good Times Ahead,electronic trap
Good Times Ahead,vapor twitch
Gorillaz,alternative hip hop
Gorillaz,art pop
Gramatik,downtempo
Gramatik,jazz boom bap
Gramatik,jazztronica
Gramatik,livetronica
Gramatik,nu jazz
Gramatik,slovenian electronic
Gramatik,trip hop
Grand Puba,alternative hip hop
Grand Puba,east coast hip hop
Grand Puba,hardcore hip hop
Grand Puba,harlem hip hop
Grand Puba,hip hop
Grand Puba,turntablism
Göksel,turkish pop
Göksel,turkish rock
H.E.R.,pop
H.E.R.,r&b
HEIZE,k-pop
HEIZE,korean pop
HEIZE,korean r&b
HIXTAPE,contemporary country
HONNE,uk pop
Hailee Steinfeld,dance pop
Hailee Steinfeld,pop
Hailee Steinfeld,post-teen pop
Halsey,dance pop
Halsey,electropop
Halsey,etherpop
Halsey,indie poptimism
Halsey,pop
Halsey,post-teen pop
Hayden James,aussietronica
Hayden James,edm
Hayden James,gauze pop
Hayden James,house
Hayden James,indie soul
Hayden James,tropical house
Hezekiah,gospel
Hiatus Kaiyote,australian r&b
Hiatus Kaiyote,indie soul
Hiatus Kaiyote,neo r&b
Hiatus Kaiyote,neo soul
Hiatus Kaiyote,shiver pop
Higher Brothers,chinese hip hop
Homeboy Sandman,abstract hip hop
Homeboy Sandman,alternative hip hop
Homeboy Sandman,east coast hip hop
Homeboy Sandman,underground rap
Hot Chip,alternative dance
Hot Chip,dance-punk
Hot Chip,electronica
Hot Chip,electropop
Hot Chip,indie pop
Hot Chip,indie rock
Hot Chip,indie soul
Hot Chip,indietronica
Hot Chip,modern rock
Hot Chip,neo-synthpop
Hot Chip,new rave
House of Pharaohs,uk alternative hip hop
House of Pharaohs,uk hip hop
Ice Cube,conscious hip hop
Ice Cube,g funk
Ice Cube,gangster rap
Ice Cube,hardcore hip hop
Ice Cube,hip hop
Ice Cube,rap
Ice Cube,west coast rap
Idesia,neo r&b
Illa J,alternative hip hop
Illa J,detroit hip hop
Illa J,hip hop
Illa J,indie soul
Iman Omari,alternative r&b
Iman Omari,indie r&b
Iman Omari,neo r&b
Indigo la End,j-pop
Indigo la End,j-rock
Indigo la End,japanese alternative rock
Indigo la End,japanese indie pop
Ingrid Andress,contemporary country
Ingrid Andress,country pop
Isaiah Rashad,hip hop
Isaiah Rashad,rap
Isaiah Rashad,tennessee hip hop
Isaiah Rashad,underground hip hop
Ivan Ave,indie jazz
Ivan Ave,indie r&b
Ivan Ave,indie soul
Ivan Ave,jazz rap
Ivan Ave,neo r&b
Ivy Sole,alternative r&b
Ivy Sole,escape room
Ivy Sole,indie r&b
Ivy Sole,north carolina hip hop
J Balvin,latin
J Balvin,reggaeton
J Balvin,reggaeton colombiano
J Dilla,alternative hip hop
J Dilla,detroit hip hop
J Dilla,hip hop
J-Live,alternative hip hop
J-Live,hardcore hip hop
J-Live,hip hop
J-Live,turntablism
J-Live,underground rap
J-Love,contemporary country
J-Love,country
J-Love,country road
J-Love,modern country rock
J. Cole,conscious hip hop
J. Cole,hip hop
J. Cole,north carolina hip hop
J. Cole,rap
JACKBOYS,rap
JACKBOYS,trap
JAY-Z,east coast hip hop
JAY-Z,hip hop
JAY-Z,pop rap
JAY-Z,rap
JMSN,alternative r&b
JMSN,indie soul
Jack Stauber,pittsburgh indie
Jacob Banks,uk contemporary r&b
Jacob Collier,indie soul
Jacob Collier,uk alternative pop
Jade Novah,pop r&b
Jaden,hip hop
Jaden,pop
Jaden,rap
Jaeden Camstra,chillhop
Jaeden Camstra,lo-fi beats
Jai Paul,art pop
Jai Paul,chillwave
Jai Paul,electronica
Jai Paul,indie soul
Jaime Woods,neo r&b
James Blake,art pop
James Blake,indie soul
James Blake,uk alternative pop
James Chatburn,australian r&b
James Chatburn,neo r&b
James Tillman,alternative r&b
James Tillman,indie jazz
James Tillman,indie r&b
James Tillman,indie soul
James Tillman,neo r&b
Jamila Woods,afrofuturism
Jamila Woods,alternative r&b
Jamila Woods,escape room
Jamila Woods,indie soul
Janelle Monáe,afrofuturism
Janelle Monáe,alternative r&b
Janelle Monáe,art pop
Janelle Monáe,atl hip hop
Janelle Monáe,dance pop
Janelle Monáe,electropop
Janelle Monáe,escape room
Janelle Monáe,neo soul
Janelle Monáe,pop
Janelle Monáe,r&b
Japanese Breakfast,art pop
Japanese Breakfast,indie pop
Japanese Breakfast,indie rock
Japanese Breakfast,philly indie
Jarami,bolero
Jarami,ecuadorian pop
Jarami,folklore ecuatoriano
Jarami,musica popular colombiana
Jarami,ranchera
Jarreau Vandal,alternative r&b
Jarreau Vandal,chill r&b
Jarreau Vandal,dutch r&b
Jarreau Vandal,indie r&b
Jarreau Vandal,indie soul
Jay Park,k-pop
Jay Park,k-rap
Jay Park,korean r&b
Jay Som,art pop
Jay Som,bay area indie
Jay Som,chillwave
Jay Som,indie folk
Jay Som,indie pop
Jay Som,indie rock
Jay Som,oakland indie
Jay Som,small room
Jazz Liberatorz,hip hop
Jazz Liberatorz,jazz rap
Jazz Spastiks,chillhop
Jazz Spastiks,jazz boom bap
Jazz Spastiks,jazz rap
Jean Deaux,alternative r&b
Jean Deaux,escape room
Jean Deaux,indie r&b
Jean Deaux,indie soul
Jeff Bernat,pop
Jeff Bernat,popping
Jeru The Damaja,alternative hip hop
Jeru The Damaja,east coast hip hop
Jeru The Damaja,gangster rap
Jeru The Damaja,hardcore hip hop
Jeru The Damaja,hip hop
Jeru The Damaja,rap
Jeru The Damaja,turntablism
Jess Connelly,pinoy indie
Jess Connelly,pinoy trap
Jesse Boykins III,alternative r&b
Jesse Boykins III,neo r&b
Jesse Boykins III,neo soul
Jhené Aiko,alternative r&b
Jhené Aiko,pop
Jhené Aiko,r&b
Jhené Aiko,urban contemporary
Jidenna,ghanaian hip hop
Jodie Abacus,british soul
Joe,album rock
Joe,classic rock
Joe,folk rock
Joe,mellow gold
Joe,piano rock
Joe,rock
Joe,singer-songwriter
Joe,soft rock
Joey Purp,chicago rap
Joey Purp,indie hip hop
Joey Purp,underground hip hop
Johann Sebastian Bach,baroque
Johann Sebastian Bach,classical
Johann Sebastian Bach,early music
Johann Sebastian Bach,german baroque
John OFA Rhee,k-indie
John OFA Rhee,korean pop
Joji,alternative r&b
Joji,viral pop
Jon Connor,flint hip hop
Jon Connor,soul flow
Jonwayne,alternative hip hop
Jonwayne,escape room
Jonwayne,wonky
Joomanji,indie jazz
Joomanji,indie soul
Joomanji,neo r&b
Jordan Rakei,alternative r&b
Jordan Rakei,indie jazz
Jordan Rakei,indie r&b
Jordan Rakei,indie soul
Jordan Rakei,neo r&b
Jordan Rakei,neo soul
Jordan Rakei,soul
Jorja Smith,pop
Jorja Smith,uk contemporary r&b
José González,gothenburg indie
José González,indie folk
José González,neo mellow
José González,stomp and holler
José González,swedish indie folk
José González,swedish indie pop
José González,swedish singer-songwriter
Juice WRLD,chicago rap
Juice WRLD,melodic rap
June Marieezy,alternative r&b
June Marieezy,pinoy r&b
Jungle,indie soul
Jungle,uk contemporary r&b
Jungle Brothers,alternative hip hop
Jungle Brothers,east coast hip hop
Jungle Brothers,hardcore hip hop
Jungle Brothers,hip hop
Jungle Brothers,hip house
Jungle Brothers,jazz rap
Jungle Brothers,old school hip hop
Jungle Brothers,turntablism
Justine Skye,alternative r&b
Justine Skye,chill r&b
Justine Skye,indie r&b
Justine Skye,pop r&b
Justine Skye,urban contemporary
KAASI,indie soul
KAASI,vapor soul
KAASI,vapor twitch
KAMAUU,downtempo bass
KAMI,dark trap
KAMI,emo rap
KAMI,scream rap
KAMI,underground hip hop
KANA-BOON,j-pop
KANA-BOON,j-rock
KAROL G,latin
KAROL G,latin pop
KAROL G,reggaeton
KAROL G,reggaeton colombiano
KATIE,country rap
KATIE,redneck
KAYTRANADA,escape room
KAYTRANADA,indie soul
KAYTRANADA,lgbtq+ hip hop
KEYTALK,anime rock
KEYTALK,j-pop
KEYTALK,j-rock
KEYTALK,japanese alternative rock
KIM DONG HAN,k-pop
KYLE,pop
KYLE,pop rap
KYLE,rap
Kali Uchis,colombian pop
Kali Uchis,pop
Kan Sano,japanese jazz fusion
Kan Sano,japanese r&b
Kanye West,chicago rap
Kanye West,rap
Kartell,filter house
Kartell,indie soul
Kartell,new french touch
Kartell,nu disco
Kasbo,edm
Kasbo,electropop
Kasbo,future bass
Kasbo,indie electropop
Kasbo,indie poptimism
Kasbo,pop edm
Kasbo,swedish electropop
Kasbo,tropical house
Kasbo,vapor soul
Kasbo,vapor twitch
Kendra Foster,p funk
Kendrick Lamar,conscious hip hop
Kendrick Lamar,hip hop
Kendrick Lamar,rap
Kendrick Lamar,west coast rap
Kenichiro Nishihara,ambeat
Kenichiro Nishihara,japanese jazz fusion
Kev Brown,alternative hip hop
Kev Brown,jazz boom bap
Kevin Ross,alternative r&b
Kevin Ross,indie r&b
Kevin Ross,pop r&b
Khai,indie pop
Khai,pop
Khalid,alternative r&b
Khalid,pop
Khruangbin,neo-psychedelic
Khüdósoul,chillhop
Kiefer,indie jazz
Kiefer,indie soul
Kiefer,neo r&b
Kiiara,electropop
Kiiara,indie poptimism
Kiiara,pop
Kiiara,post-teen pop
Kiko Bun,british soul
Kiko Bun,uk reggae
Kilo Kish,alternative r&b
Kilo Kish,art pop
Kilo Kish,electropop
Kilo Kish,escape room
Kilo Kish,hyperpop
King Geedorah,alternative hip hop
King Geedorah,hardcore hip hop
King Geedorah,hip hop
Kings of Convenience,bergen indie
Kings of Convenience,melancholia
Kings of Convenience,norwegian indie
Kodomo,space ambient
Kool & The Gang,disco
Kool & The Gang,funk
Kool & The Gang,motown
Kool & The Gang,post-disco
Kool & The Gang,quiet storm
Kool & The Gang,soul
Kooley High,north carolina hip hop
Kooley High,soul flow
Kris Wu,chinese hip hop
Kris Wu,chinese idol pop
Kwaku Asante,alternative r&b
Kwaku Asante,indie r&b
Kwaku Asante,uk contemporary r&b
Kweku Collins,underground hip hop
Kygo,edm
Kygo,pop
Kygo,tropical house
LION BABE,alternative r&b
LION BABE,escape room
LION BABE,indie r&b
LION BABE,indie soul
LION BABE,neo r&b
LION BABE,neo soul
LNDN DRGS,boom bap
LNDN DRGS,west coast trap
LUCKY TAPES,japanese alternative rock
LUCKY TAPES,japanese r&b
Ladi6,kiwi rock
Ladi6,polynesian pop
Lafayette Afro Rock Band,afrobeat
Lafayette Afro Rock Band,funk
Lafayette Afro Rock Band,jazz funk
Lafayette Afro Rock Band,soul jazz
Lando Chill,experimental hip hop
Lando Chill,jazz rap
Lauv,pop
Lauv,post-teen pop
Leon Bridges,modern blues
Leon Bridges,soul
Les Loups,filter house
Les Loups,new french touch
Les Loups,nu disco
Les Sins,chillwave
Leven Kali,alternative r&b
Leven Kali,indie r&b
Leven Kali,indie soul
Leven Kali,trap soul
Lewis Capaldi,pop
Lewis Capaldi,uk pop
Lianne La Havas,british soul
Lianne La Havas,indie soul
Lianne La Havas,neo soul
Lianne La Havas,pop soul
Lianne La Havas,soul
Lil Nas X,country rap
Lil Nas X,lgbtq+ hip hop
Lil Nas X,pop rap
Lil Pump,emo rap
Lil Pump,miami hip hop
Lil Pump,rap
Lil Pump,trap
Lil Wayne,hip hop
Lil Wayne,new orleans rap
Lil Wayne,pop rap
Lil Wayne,rap
Lil Wayne,trap
Limes,chillhop
Limes,lo-fi beats
Lizzo,dance pop
Lizzo,escape room
Lizzo,minnesota hip hop
Lizzo,pop
Lizzo,pop rap
Lizzo,trap queen
Lloyd,dance pop
Lloyd,hip pop
Lloyd,pop
Lloyd,pop r&b
Lloyd,pop rap
Lloyd,r&b
Lloyd,southern hip hop
Lloyd,trap
Lloyd,urban contemporary
Loud Luxury,dance pop
Loud Luxury,edm
Loud Luxury,electro house
Loud Luxury,pop
Loud Luxury,pop edm
Loud Luxury,tropical house
Louis Armstrong,adult standards
Louis Armstrong,dixieland
Louis Armstrong,harlem renaissance
Louis Armstrong,jazz trumpet
Louis Armstrong,new orleans jazz
Louis Armstrong,swing
Louis Armstrong,vocal jazz
Louis Rustum,danish electropop
Louis The Child,edm
Louis The Child,electropop
Louis The Child,pop
Louis The Child,tropical house
LoveLeo,modern indie pop
Loyle Carner,indie soul
Loyle Carner,london rap
Loyle Carner,uk alternative hip hop
Lucky Daye,alternative r&b
Lucky Daye,indie r&b
Lucky Daye,pop r&b
Lucy Pearl,hip pop
Lucy Pearl,neo soul
Lucy Pearl,r&b
Lucy Pearl,urban contemporary
Ludwig van Beethoven,classical
Ludwig van Beethoven,classical era
Ludwig van Beethoven,early romantic era
Ludwig van Beethoven,german romanticism
Luke James,alternative r&b
Luke James,pop r&b
Lunay,latin
Lunay,latin pop
Lunay,reggaeton
Lunay,reggaeton flow
Lunay,tropical
Luniz,g funk
Luniz,gangster rap
Luniz,hyphy
Luniz,oakland hip hop
Luniz,west coast rap
Låpsley,electropop
Låpsley,gauze pop
Låpsley,indie soul
Låpsley,vapor soul
M. T. Hadley,vapor soul
M.I.A.,dance pop
M.I.A.,indietronica
M.I.A.,new rave
MED,brazilian edm
MED,edm
MED,electro house
MED,pop house
MEDUZA,brazilian edm
MEDUZA,edm
MEDUZA,electro house
MEDUZA,pop house
MF DOOM,alternative hip hop
MF DOOM,east coast hip hop
MF DOOM,hip hop
MF DOOM,rap
MISO,korean r&b
Mabel Matiz,karadeniz halk muzigi
Mabel Matiz,turkish pop
Mac DeMarco,edmonton indie
Mac Miller,hip hop
Mac Miller,pittsburgh rap
Mac Miller,pop rap
Mac Miller,rap
Madlib,alternative hip hop
Madlib,funk
Madlib,hip hop
Madlib,psychedelic hip hop
Magroove,bedroom pop
Mahalia,alternative r&b
Mahalia,indie anthem-folk
Mahalia,indie r&b
Mahalia,indie soul
Mahalia,pop
Mahalia,uk contemporary r&b
Manwolves,bedroom soul
Marc E. Bassy,pop
Marc E. Bassy,pop r&b
Marc E. Bassy,pop rap
Marc E. Bassy,rap
Marco Polo,boom bap
Marcos Valle,bossa nova
Marcos Valle,brazilian boogie
Marcos Valle,mpb
Marian Hill,electropop
Marian Hill,indie poptimism
Mario,dance pop
Mario,hip pop
Mario,pop
Mario,pop r&b
Mario,r&b
Mario,rap
Mario,urban contemporary
Mark Redito,future bass
Mark Ronson,dance pop
Mark Ronson,neo soul
Mark Ronson,pop
Maroon 5,pop
Maroon 5,pop rock
Mars Today,neo r&b
Marshmello,brostep
Marshmello,pop
Marshmello,progressive electro house
Mary J. Blige,dance pop
Mary J. Blige,hip pop
Mary J. Blige,neo soul
Mary J. Blige,pop
Mary J. Blige,r&b
Mary J. Blige,urban contemporary
Masego,alternative r&b
Masego,indie soul
Matt Martians,alternative r&b
Matt Martians,indie r&b
Maurice Ravel,classical
Maurice Ravel,impressionism
Maurice Ravel,neoclassicism
Maurice Ravel,post-romantic era
Maxwell,dance pop
Maxwell,funk
Maxwell,hip pop
Maxwell,neo soul
Maxwell,new jack swing
Maxwell,quiet storm
Maxwell,r&b
Maxwell,soul
Maxwell,urban contemporary
Maxwell Young,chillhop
McClenney,alternative r&b
McClenney,chill r&b
McClenney,indie r&b
McClenney,indie soul
McClenney,neo r&b
Medasin,edm
Medasin,electronic trap
Medasin,future bass
Medasin,vapor soul
Medasin,vapor twitch
Meek Mill,hip hop
Meek Mill,philly rap
Meek Mill,pop rap
Meek Mill,rap
Meek Mill,southern hip hop
Meek Mill,trap
Mello Music Group,underground rap
Mellow Fellow,indie garage rock
Melodiesinfonie,chillhop
Melodiesinfonie,indie jazz
Melodiesinfonie,indie soul
Melodiesinfonie,jazz boom bap
Michael Jackson,pop
Michael Jackson,r&b
Michael Jackson,soul
Michael Kiwanuka,british soul
Michael Kiwanuka,funk
Michael Kiwanuka,neo soul
Michael Kiwanuka,psychedelic soul
Michael Kiwanuka,soul
Migos,atl hip hop
Migos,hip hop
Migos,pop rap
Migos,rap
Migos,trap
Miguel,dance pop
Miguel,pop
Miguel,pop rap
Miguel,r&b
Miguel,urban contemporary
Miles Davis,bebop
Miles Davis,contemporary post-bop
Miles Davis,cool jazz
Miles Davis,hard bop
Miles Davis,jazz
Miles Davis,jazz fusion
Miles Davis,jazz trumpet
Miracle,meditation
Mitski,art pop
Mitski,brooklyn indie
Mitski,indie pop
Mitski,indie rock
Mk.gee,indie r&b
Mk.gee,indie soul
Mk.gee,vapor soul
Mndsgn,abstract beats
Mndsgn,alternative hip hop
Mndsgn,chillhop
Mndsgn,future bass
Mndsgn,indie jazz
Mndsgn,indie soul
Mndsgn,synth funk
Mndsgn,vapor twitch
Mndsgn,wonky
Mondo Grosso,japanese jazztronica
Mondo Grosso,japanese r&b
Mondo Grosso,shibuya-kei
Monte Booker,viral rap
Moods,chillhop
Moods,indie soul
Moods,vapor twitch
Moodymann,chicago house
Moodymann,deep house
Moodymann,detroit house
Moodymann,detroit techno
Moodymann,electronica
Moodymann,float house
Moodymann,indie jazz
Moodymann,indie soul
Moodymann,microhouse
Moodymann,tech house
Moodymann,techno
Moon Boots,deep house
Moon Boots,edm
Moon Boots,filter house
Moon Boots,house
Moon Boots,indie soul
Moon Boots,nu disco
Moonchild,indie r&b
Moonchild,indie soul
Moonchild,neo r&b
Mos Def,alternative hip hop
Mos Def,conscious hip hop
Mos Def,east coast hip hop
Mos Def,gangster rap
Mos Def,hardcore hip hop
Mos Def,hip hop
Mos Def,rap
Mos Def,southern hip hop
Mr Jukes,british soul
Mr Jukes,indie soul
Mr. Carmack,electronic trap
Mr. Carmack,future bass
Mr. Carmack,vapor twitch
Ms. Lauryn Hill,conscious hip hop
Ms. Lauryn Hill,dance pop
Ms. Lauryn Hill,hip pop
Ms. Lauryn Hill,neo soul
Ms. Lauryn Hill,new jersey rap
Ms. Lauryn Hill,r&b
Ms. Lauryn Hill,urban contemporary
Mt. Joy,indie folk
Mt. Joy,indie rock
Mt. Joy,modern rock
Mt. Joy,stomp and holler
Mtbrd,chillhop
Mura Masa,channel islands indie
Mura Masa,edm
Mura Masa,vapor soul
Musiq Soulchild,dance pop
Musiq Soulchild,hip pop
Musiq Soulchild,neo soul
Musiq Soulchild,new jack swing
Musiq Soulchild,pop
Musiq Soulchild,quiet storm
Musiq Soulchild,r&b
Musiq Soulchild,urban contemporary
Mustard,cali rap
Mustard,hip hop
Mustard,pop rap
Mustard,rap
Mustard,southern hip hop
Mustard,trap
Myke Bogan,portland hip hop
Myke Bogan,underground hip hop
MØ,contemporary country
MØ,deep talent show
N.E.R.D,hip hop
N.E.R.D,virginia hip hop
NAV,canadian hip hop
NAV,melodic rap
NAV,pop rap
NAV,rap
NAV,toronto rap
NAV,trap
NEIL FRANCES,indie soul
NEIL FRANCES,vapor soul
NF,hip hop
NF,pop rap
NF,rap
NIKI,indonesian r&b
NIKI,pop
NLE Choppa,memphis hip hop
Name UL,nz hip hop
Nao,vapor pop
Nas,conscious hip hop
Nas,east coast hip hop
Nas,gangster rap
Nas,hardcore hip hop
Nas,hip hop
Nas,queens hip hop
Nas,rap
Natalie Imbruglia,dance pop
Natalie Imbruglia,europop
Natalie Imbruglia,lilith
Natalie Imbruglia,new wave pop
Natalie Imbruglia,pop rock
Nathan Bajar,brooklyn indie
Naughty Boy,tropical house
Naughty Boy,uk contemporary r&b
Neguim Beats,brazilian experimental
Nehruviandoom,alternative hip hop
Neon Indian,alternative dance
Neon Indian,chillwave
Neon Indian,dance-punk
Neon Indian,denton tx indie
Neon Indian,indie pop
Neon Indian,indietronica
Neon Indian,neo-synthpop
Neon Indian,new rave
Neon Indian,nu gaze
Neon Indian,shimmer pop
Nia Sultana,alternative r&b
Nia Sultana,chill r&b
Nia Sultana,indie r&b
Nick Hakim,alternative r&b
Nick Hakim,indie jazz
Nick Hakim,indie r&b
Nick Hakim,indie soul
Nick Hakim,neo r&b
Nick Leng,vapor soul
Nickelus F,soul flow
Nickelus F,underground hip hop
Nickelus F,virginia hip hop
Nicola Cruz,ecuadorian indie
Nicola Cruz,ethnotronica
Nicola Cruz,latintronica
Nicola Cruz,organic electronic
Niki & The Dove,electropop
Niki & The Dove,indietronica
Niki & The Dove,metropopolis
Niki & The Dove,swedish electropop
Niki & The Dove,swedish indie pop
Niki & The Dove,swedish synthpop
Niko Is,florida rap
Nil Karaibrahimgil,turkish folk
Nil Karaibrahimgil,turkish jazz
Nil Karaibrahimgil,turkish pop
Nil Karaibrahimgil,turkish singer-songwriter
Nio Garcia,latin
Nio Garcia,reggaeton
Nio Garcia,reggaeton flow
Nipsey Hussle,conscious hip hop
Nipsey Hussle,gangster rap
Nipsey Hussle,hip hop
Nipsey Hussle,pop rap
Nipsey Hussle,rap
Nipsey Hussle,southern hip hop
Nipsey Hussle,trap
No Rome,indie pop
No Rome,indietronica
Noname,alternative r&b
Noname,chicago rap
Noname,escape room
Noname,hip hop
Noname,indie r&b
Noname,indie soul
Noname,neo soul
Noname,rap
Noname,underground hip hop
Nosaj Thing,bass music
Nosaj Thing,chillwave
Nosaj Thing,electronica
Nosaj Thing,glitch hop
Nosaj Thing,microhouse
Nosaj Thing,ninja
Nosaj Thing,wonky
NxWorries,hip hop
NxWorries,indie soul
ODESZA,chillwave
ODESZA,ninja
ODIE,alternative r&b
ODIE,indie r&b
ODIE,trap soul
October London,neo r&b
Oddisee,alternative hip hop
Oddisee,dmv rap
Oddisee,hip hop
Oddisee,sudanese pop
Offset,atl hip hop
Offset,hip hop
Offset,pop rap
Offset,rap
Offset,southern hip hop
Offset,trap
Oh No,alternative hip hop
Oh No,wonky
Omar Apollo,alternative r&b
Omar Apollo,bedroom pop
Omar Apollo,bedroom soul
Omar Apollo,indie pop
Omar Apollo,indie r&b
Omar Apollo,pop
Omarion,dance pop
Omarion,hip pop
Omarion,pop
Omarion,pop r&b
Omarion,r&b
Omarion,rap
Omarion,southern hip hop
Omarion,urban contemporary
Onra,chillhop
Onra,japanese chillhop
Onra,wonky
Osunlade,afro house
Osunlade,broken beat
Osunlade,chicago house
Osunlade,deep house
Osunlade,minimal tech house
Osunlade,vocal house
Otis Junior,neo r&b
OutKast,atl hip hop
OutKast,dirty south rap
OutKast,hip hop
OutKast,rap
OutKast,southern hip hop
P-Money,grime
P-Money,uk alternative hip hop
P-Money,uk hip hop
PJ Morton,gospel
PJ Morton,indie r&b
PJ Morton,indie soul
PJ Morton,neo soul
PJ Morton,r&b
PJ Morton,urban contemporary
POLKADOT STINGRAY,anime rock
POLKADOT STINGRAY,idol rock
POLKADOT STINGRAY,j-pixie
POLKADOT STINGRAY,j-pop
POLKADOT STINGRAY,j-rock
POLKADOT STINGRAY,japanese alternative rock
PREP,alternative r&b
Panama,australian indie
Panama,chillwave
Panama,indie poptimism
Panama,shimmer pop
Panama,vapor soul
Parcels,aussietronica
Parcels,indie soul
Pastor T.L. Barrett,gospel soul
Pastor T.L. Barrett,spirituals
Pastor T.L. Barrett,traditional soul
Pat Lok,filter house
Pat Lok,indie r&b
Pat Lok,indie soul
Pat Lok,nu disco
Pentatonix,a cappella
People Under The Stairs,alternative hip hop
People Under The Stairs,hip hop
People Under The Stairs,jazz rap
People Under The Stairs,turntablism
Pharoahe Monch,alternative hip hop
Pharoahe Monch,conscious hip hop
Pharoahe Monch,east coast hip hop
Pharoahe Monch,hardcore hip hop
Pharoahe Monch,hip hop
Pharoahe Monch,queens hip hop
Pharrell Williams,pop
Pharrell Williams,pop rap
Phoenix,alternative dance
Phoenix,dance-punk
Phoenix,indie pop
Phoenix,indie rock
Phoenix,modern rock
Phoenix,new rave
Phoenix,rock independant francais
Phonte,alternative hip hop
Phonte,hip hop
Phonte,indie r&b
Phonte,neo r&b
Phonte,neo soul
Phonte,north carolina hip hop
Phonte,soul flow
Phony Ppl,alternative r&b
Phony Ppl,indie r&b
Phony Ppl,indie soul
Photay,chillwave
Photay,electronica
Photay,future bass
Photay,indie jazz
Photay,vapor soul
Photay,wonky
Phum Viphurit,bedroom pop
Pia Mia,dance pop
Pia Mia,pop
Pia Mia,pop r&b
Pia Mia,post-teen pop
Pia Mia,r&b
Pia Mia,social media pop
Pia Mia,urban contemporary
Playboi Carti,atl hip hop
Playboi Carti,hip hop
Playboi Carti,rap
Playboi Carti,trap
Playboi Carti,underground hip hop
Point Point,anthem emo
Point Point,pop punk
Pomo,canadian electronic
Pomo,new french touch
Portugal. The Man,indie pop
Portugal. The Man,indie rock
Portugal. The Man,modern alternative rock
Portugal. The Man,modern rock
Portugal. The Man,rock
Post Malone,dfw rap
Post Malone,melodic rap
Post Malone,rap
Prince,funk
Prince,funk rock
Prince,minneapolis sound
Prince,motown
Prince,synth funk
Psymun,experimental hip hop
Psymun,minnesota hip hop
Pyotr Ilyich Tchaikovsky,classical
Pyotr Ilyich Tchaikovsky,late romantic era
Pyotr Ilyich Tchaikovsky,russian romanticism
Quality Control,hip hop
Quality Control,melodic rap
Quality Control,pop rap
Quality Control,rap
Quality Control,southern hip hop
Quality Control,trap
Quentin Miller,atl hip hop
Quentin Miller,trap soul
Quentin Miller,underground hip hop
REI AMI,modern indie pop
RIMON,alternative r&b
RIMON,chill r&b
RIMON,dutch r&b
RIMON,indie r&b
RIMON,indie soul
RKCB,alternative r&b
RKCB,electropop
RKCB,indie electropop
RKCB,indie poptimism
RKCB,vapor soul
RKCB,vapor twitch
ROLE MODEL,bedroom pop
ROLE MODEL,indie cafe pop
ROLE MODEL,indie pop
ROLE MODEL,indie r&b
ROLE MODEL,pop
Rae Sremmurd,hip hop
Rae Sremmurd,melodic rap
Rae Sremmurd,mississippi hip hop
Rae Sremmurd,pop rap
Rae Sremmurd,rap
Rae Sremmurd,southern hip hop
Rae Sremmurd,trap
Raekwon,alternative hip hop
Raekwon,east coast hip hop
Raekwon,gangster rap
Raekwon,hardcore hip hop
Raekwon,hip hop
Raekwon,rap
Raekwon,southern hip hop
Rakim,alternative hip hop
Rakim,bboy
Rakim,east coast hip hop
Rakim,electro
Rakim,gangster rap
Rakim,hardcore hip hop
Rakim,hip hop
Rakim,old school hip hop
Rakim,rap
Rakim,turntablism
Raleigh Ritchie,uk contemporary r&b
Raphael Saadiq,funk
Raphael Saadiq,hip hop
Raphael Saadiq,neo soul
Raphael Saadiq,r&b
Raphael Saadiq,soul
Raphael Saadiq,urban contemporary
Rapper Big Pooh,alternative hip hop
Rapper Big Pooh,north carolina hip hop
Rapper Big Pooh,soul flow
Ras G,latin
Ras G,latin hip hop
Ras G,perreo
Ras G,reggaeton
Ras G,reggaeton flow
Ras G,salsa choke
Ras G,tropical
Rationale,uk contemporary r&b
Raury,psychedelic hip hop
Ray Barretto,boogaloo
Ray Barretto,latin jazz
Ray Barretto,salsa
Ray Barretto,salsa international
Ray Barretto,tropical
Rayana Jay,alternative r&b
Rayana Jay,indie r&b
Rayana Jay,indie soul
Re:plus,ambeat
Re:plus,japanese jazz fusion
Reddy,adult standards
Reddy,brill building pop
Reddy,bubblegum pop
Reddy,classic uk pop
Reddy,folk
Reddy,mellow gold
Reddy,soft rock
Reflection Eternal,alternative hip hop
Reflection Eternal,hardcore hip hop
Reflection Eternal,hip hop
Rejjie Snow,hip hop
Rejjie Snow,irish hip hop
Rejjie Snow,rap
Reva DeVito,portland hip hop
Revolutionary Rhythm,jazz rap
Rex Orange County,bedroom pop
Rex Orange County,pop
Rhymefest,alternative hip hop
Rhymefest,chicago rap
Rich Brian,indonesian hip hop
Rick Ross,dirty south rap
Rick Ross,gangster rap
Rick Ross,hip hop
Rick Ross,pop rap
Rick Ross,rap
Rick Ross,southern hip hop
Rick Ross,trap
Ricky Montgomery,indie pop
Ricky Montgomery,la indie
Ricky Montgomery,modern rock
Rihanna,barbadian pop
Rihanna,dance pop
Rihanna,pop
Rihanna,post-teen pop
Rihanna,r&b
Rihanna,urban contemporary
Rina Sawayama,art pop
Rina Sawayama,dance pop
Rina Sawayama,electropop
Rina Sawayama,escape room
Rina Sawayama,hyperpop
Rina Sawayama,pop
River Tiber,alternative r&b
Robert Glasper,alternative r&b
Robert Glasper,contemporary jazz
Robert Glasper,indie jazz
Robert Glasper,indie r&b
Robert Glasper,indie soul
Robert Glasper,modern jazz piano
Robert Glasper,neo soul
Robyn,art pop
Robyn,dance pop
Robyn,electropop
Robyn,europop
Robyn,pop
Robyn,pop rock
Robyn,scandipop
Robyn,swedish electropop
Robyn,swedish pop
Roddy Ricch,melodic rap
Roddy Ricch,rap
Roddy Ricch,trap
Romare,deep house
Romare,electronica
Romare,indie jazz
Romare,indie soul
Romare,ninja
Romare,nu jazz
Romare,soul
Romare,south african alternative
Roy Ayers Ubiquity,funk
Roy Ayers Ubiquity,jazz funk
Roy Ayers Ubiquity,soul
Roy Ayers Ubiquity,soul jazz
Roy Woods,canadian hip hop
Roy Woods,pop rap
Roy Woods,trap
Roy Woods,trap soul
Rozwell,indie punk
Rozwell,west virginia indie
Rudimental,dance pop
Rudimental,edm
Rudimental,liquid funk
Rudimental,pop
Rudimental,tropical house
Rudimental,uk dance
Rudimental,uk funky
Run The Jewels,escape room
Run The Jewels,hip hop
Run The Jewels,political hip hop
Rvdical the Kid,african electronic
Ryu☆,anime score
Ryu☆,compositional ambient
Ryu☆,japanese classical
Ryu☆,japanese soundtrack
RÜFÜS DU SOL,australian electropop
RÜFÜS DU SOL,edm
RÜFÜS DU SOL,indietronica
RÜFÜS DU SOL,tropical house
SAINt JHN,melodic rap
SAINt JHN,pop rap
SAINt JHN,rap
SBTRKT,electronica
SBTRKT,future garage
SBTRKT,indie soul
SBTRKT,new rave
SG Lewis,alternative r&b
SG Lewis,edm
SG Lewis,electropop
SG Lewis,indie soul
SG Lewis,pop
SG Lewis,tropical house
SG Lewis,vapor soul
SOSUPERSAM,neo r&b
SRNO,dutch trap pop
SZA,pop
SZA,pop rap
SZA,rap
Saba,alternative r&b
Saba,chicago rap
Saba,hip hop
Saba,rap
Saba,underground hip hop
Saje,new french touch
Saje,vapor soul
Salaam Remi,hip hop
Salt-N-Pepa,dance pop
Salt-N-Pepa,girl group
Salt-N-Pepa,hip hop
Salt-N-Pepa,hip house
Salt-N-Pepa,hip pop
Salt-N-Pepa,old school hip hop
Salt-N-Pepa,pop
Salt-N-Pepa,queens hip hop
Salt-N-Pepa,rap
Sam Feldt,dance pop
Sam Feldt,edm
Sam Feldt,electro house
Sam Feldt,pop
Sam Feldt,pop edm
Sam Feldt,tropical house
Sam Gellaitry,electronic trap
Sam Gellaitry,future bass
Sam Gellaitry,scottish electronic
Sam Gellaitry,vapor twitch
Sam Rui,singaporean pop
Sam Smith,pop
Sam Smith,post-teen pop
Sam Smith,uk pop
Samm Henshaw,british soul
Samm Henshaw,uk contemporary r&b
Sampa the Great,australian hip hop
Sampa the Great,conscious hip hop
Sampa the Great,escape room
Sampa the Great,indie soul
Sampa the Great,zambian hip hop
Sampha,alternative r&b
Sampha,indie soul
Sango,abstract beats
Sango,alternative r&b
Sango,escape room
Sango,indie r&b
Sango,indie soul
Sango,vapor twitch
Savon,lo-fi house
ScHoolboy Q,gangster rap
ScHoolboy Q,hip hop
ScHoolboy Q,pop rap
ScHoolboy Q,rap
ScHoolboy Q,southern hip hop
ScHoolboy Q,trap
ScHoolboy Q,underground hip hop
Sergei Rachmaninoff,classical
Sergei Rachmaninoff,post-romantic era
Sergei Rachmaninoff,russian romanticism
Sergei Rachmaninoff,ukrainian classical
Sex on Toast,australian r&b
Shafiq Husayn,broken beat
Shafiq Husayn,indie jazz
Shafiq Husayn,neo r&b
Shafiq Husayn,psychedelic soul
Shanaz Dorsett,neo r&b
Shawn Mendes,canadian pop
Shawn Mendes,dance pop
Shawn Mendes,pop
Shawn Mendes,post-teen pop
Shawn Mendes,viral pop
Shin Rizumu,japanese city pop
Shlohmo,bass music
Shlohmo,chillwave
Shlohmo,downtempo
Shlohmo,electronica
Shlohmo,future bass
Shlohmo,glitch
Shlohmo,vapor twitch
Shlohmo,wonky
Shoffy,alternative r&b
Shoffy,chill pop
Shoffy,electropop
Shoffy,indie cafe pop
Shoffy,indie poptimism
Shoffy,la pop
Shoffy,pop
Shoffy,tropical house
Shye Ben Tzur,rajasthani folk
Shye Ben Tzur,sufi
Shye Ben Tzur,world fusion
Sia,australian dance
Sia,australian pop
Sia,dance pop
Sia,pop
Silk City,edm
Sinead Harnett,alternative r&b
Sinead Harnett,gauze pop
Sinead Harnett,indie r&b
Sinead Harnett,indie soul
Sinead Harnett,uk contemporary r&b
Skee-Lo,hip hop
Skee-Lo,rap
Skee-Lo,west coast rap
Skepta,birmingham grime
Skepta,grime
Skepta,instrumental grime
Skepta,rap
Slime,atl trap
Slow Magic,chillwave
Slow Magic,future bass
Slow Magic,gauze pop
Slow Magic,indie dream pop
Slow Magic,vapor soul
Slow Magic,vapor twitch
Slum Village,alternative hip hop
Slum Village,detroit hip hop
Slum Village,hip hop
Slum Village,indie soul
Slum Village,neo soul
Sly5thAve,indie jazz
Snakehips,edm
Snakehips,electropop
Snakehips,pop
Snakehips,tropical house
Snarky Puppy,contemporary jazz
Snarky Puppy,funk rock
Snarky Puppy,jazz funk
Snarky Puppy,jazz fusion
Snarky Puppy,progressive jazz fusion
Snoop Dogg,g funk
Snoop Dogg,gangster rap
Snoop Dogg,hip hop
Snoop Dogg,rap
Snoop Dogg,west coast rap
Sobs,singaporean indie
Solange,afrofuturism
Solange,alternative r&b
Solange,dance pop
Solange,electropop
Solange,escape room
Solange,hip pop
Solange,indie soul
Solange,neo soul
Solange,pop
Solange,pop rap
Solange,r&b
Solange,urban contemporary
Son Little,funk
Son Little,soul
Sonder,alternative r&b
Sonder,trap soul
Sonny Fodera,deep groove house
Sonny Fodera,deep house
Sonny Fodera,disco house
Sonny Fodera,house
Sonny Fodera,tropical house
Sonny Fodera,uk dance
Sorceress,indie jazz
Sorceress,nz electronic
SoulChef,ambeat
SoulChef,chillhop
Souls Of Mischief,alternative hip hop
Souls Of Mischief,hardcore hip hop
Souls Of Mischief,hip hop
Souls Of Mischief,jazz rap
Souls Of Mischief,turntablism
Spazzkid,future bass
Spycc,nz hip hop
StayLoose,electropop
StayLoose,future bass
StayLoose,pop edm
StayLoose,vapor twitch
Steve Aoki,big room
Steve Aoki,dance pop
Steve Aoki,edm
Steve Aoki,electro house
Steve Aoki,tropical house
Steve Lacy,afrofuturism
Steve Lacy,rap
Still Woozy,bedroom pop
Still Woozy,indie pop
Still Woozy,indie r&b
Still Woozy,modern rock
Still Woozy,oakland indie
Still Woozy,pop
Stimulator Jones,synth funk
Strange Fruit Project,alternative hip hop
Strange Fruit Project,jazz rap
Stray Kids,k-pop
Stray Kids,k-pop boy group
Stro Elliot,jazz rap
Strong Arm Steady,alternative hip hop
Subculture Sage,uk alternative hip hop
Substantial,ambeat
Summer Walker,pop
Swell,japanese chillhop
Swindle,deep disco house
Swindle,deep house
Swindle,disco house
Swindle,float house
Swindle,house
Swindle,indie soul
Swindle,minimal tech house
SwuM,chillhop
SwuM,lo-fi beats
Sylvan LaCue,miami hip hop
Sylvan LaCue,underground hip hop
Szymon,folktronica
T-Pain,dance pop
T-Pain,hip hop
T-Pain,pop
T-Pain,pop rap
T-Pain,r&b
T-Pain,rap
T-Pain,southern hip hop
T-Pain,trap
T-Pain,urban contemporary
TALA,alternative r&b
TALA,indie r&b
TALA,indie soul
TOKYO’S REVENGE,meme rap
TOKYO’S REVENGE,underground hip hop
TOKYO’S REVENGE,vapor trap
TOKYO’S REVENGE,viral rap
TOKiMONSTA,chillwave
TOKiMONSTA,electra
TOKiMONSTA,escape room
TOKiMONSTA,future bass
TOKiMONSTA,indie soul
TOKiMONSTA,vapor soul
TOKiMONSTA,vapor twitch
TOKiMONSTA,wonky
TRACE,contemporary country
TRACE,country
TRACE,country road
TRACE,modern country rock
TRACE,redneck
TT Grace,swedish rockabilly
Ta-ku,alternative r&b
Ta-ku,ambeat
Ta-ku,indie soul
Ta-ku,vapor soul
Ta-ku,vapor twitch
Takeoff,atl hip hop
Takeoff,rap
Takeoff,southern hip hop
Takeoff,trap
Takeoff,vapor trap
Takuya Kuroda,indie jazz
Takuya Kuroda,indie soul
Takuya Kuroda,japanese jazz
Talib Kweli,alternative hip hop
Talib Kweli,conscious hip hop
Talib Kweli,east coast hip hop
Talib Kweli,hardcore hip hop
Talib Kweli,hip hop
Talib Kweli,southern hip hop
Tank and The Bangas,new orleans funk
Tanya Morgan,alternative hip hop
Tanya Morgan,soul flow
Taylor McFerrin,indie jazz
Taylor McFerrin,indie soul
Taylor McFerrin,neo r&b
Taylor McFerrin,wonky
Teedra Moses,alternative r&b
Teedra Moses,hip pop
Teedra Moses,neo soul
Teedra Moses,r&b
Teedra Moses,urban contemporary
Tennyson,edmonton indie
Tennyson,future bass
Tennyson,vapor twitch
Terrace Martin,alternative hip hop
Terrace Martin,alternative r&b
Terrace Martin,hip hop
Terrace Martin,indie jazz
Terrace Martin,indie r&b
Terrace Martin,indie soul
Terrace Martin,neo soul
Terrace Martin Presents The Pollyseeds,neo r&b
Terrell Hines,modern alternative pop
Teyana Taylor,alternative r&b
Teyana Taylor,dance pop
Teyana Taylor,hip pop
Teyana Taylor,indie r&b
Teyana Taylor,neo soul
Teyana Taylor,pop
Teyana Taylor,pop r&b
Teyana Taylor,pop rap
Teyana Taylor,r&b
Teyana Taylor,urban contemporary
The 1975,indie pop
The 1975,modern alternative rock
The 1975,modern rock
The 1975,nu gaze
The 1975,pop
The 1975,rock
The 49ers,ambeat
The 49ers,jazz rap
The Age of L.U.N.A,neo r&b
The Bonfyre,pop r&b
The Chainsmokers,dance pop
The Chainsmokers,edm
The Chainsmokers,electropop
The Chainsmokers,pop
The Chainsmokers,tropical house
The Foreign Exchange,alternative hip hop
The Foreign Exchange,hip hop
The Foreign Exchange,neo r&b
The Foreign Exchange,neo soul
The Foreign Exchange,north carolina hip hop
The Globetroddas,jazz rap
The Hics,alternative r&b
The Honeysticks,indie pop
The Honeysticks,la indie
The Internet,alternative r&b
The Internet,escape room
The Internet,indie soul
The Internet,lgbtq+ hip hop
The Japanese House,art pop
The Japanese House,electropop
The Japanese House,indie pop
The Japanese House,indie poptimism
The Japanese House,indietronica
The Japanese House,modern dream pop
The Japanese House,vapor soul
The Knocks,alternative dance
The Knocks,edm
The Knocks,indie pop
The Knocks,indie poptimism
The Knocks,new french touch
The Knocks,nu disco
The Knocks,pop
The Knocks,tropical house
The Knocks,vapor soul
"The Last Artful, Dodgr",portland hip hop
The Lox,east coast hip hop
The Lox,gangster rap
The Lox,hardcore hip hop
The Lox,hip hop
The Lox,hip pop
The Lox,pop rap
The Lox,rap
The Lox,southern hip hop
The Maine,emo
The Maine,modern alternative rock
The Maine,modern rock
The Maine,neo mellow
The Maine,neon pop punk
The Maine,pop emo
The Maine,pop punk
The Maine,pop rock
The Maine,post-teen pop
The Maine,tempe indie
The Notorious B.I.G.,east coast hip hop
The Notorious B.I.G.,gangster rap
The Notorious B.I.G.,hardcore hip hop
The Notorious B.I.G.,hip hop
The Notorious B.I.G.,rap
The Pharcyde,alternative hip hop
The Pharcyde,hardcore hip hop
The Pharcyde,hip hop
The Pharcyde,jazz rap
The Pharcyde,rap
The Pharcyde,west coast rap
The Procussions,jazz rap
The Quiett,k-rap
The Quiett,korean r&b
The Quiett,korean trap
The Roots,alternative hip hop
The Roots,conscious hip hop
The Roots,east coast hip hop
The Roots,hardcore hip hop
The Roots,hip hop
The Roots,neo soul
The Roots,philly rap
The Roots,political hip hop
The Roots,southern hip hop
The Weeknd,canadian contemporary r&b
The Weeknd,canadian pop
The Weeknd,pop
Theophilus London,alternative hip hop
Thundercat,afrofuturism
Thundercat,hip hop
TiRon & Ayomari,soul flow
Tiësto,big room
Tiësto,brostep
Tiësto,dance pop
Tiësto,dutch edm
Tiësto,edm
Tiësto,electro house
Tiësto,house
Tiësto,pop
Tiësto,trance
Tiësto,tropical house
Tom Misch,indie soul
Tom Misch,jazz pop
Tones and I,australian pop
Tones and I,pop
Topaz Jones,new jersey rap
Topaz Jones,underground hip hop
Tora,alternative r&b
Tora,indie soul
Tora,vapor soul
Toro y Moi,alternative dance
Toro y Moi,chillwave
Toro y Moi,indie pop
Toro y Moi,indie soul
Toro y Moi,indietronica
Toro y Moi,new rave
Toro y Moi,nu gaze
Traphik,asian american hip hop
Travis Scott,rap
Tree,alternative hip hop
Trinix,bass trap
Trinix,new french touch
Trinix,tropical house
Tuxedo,indie soul
Tuxedo,popping
Tuxedo,synth funk
Twelve'len,miami hip hop
Twista,chicago rap
Twista,dance pop
Twista,dirty south rap
Twista,gangster rap
Twista,hip hop
Twista,pop rap
Twista,r&b
Twista,rap
Twista,trap
Twista,urban contemporary
Two Another,alternative r&b
Two Another,indie r&b
Two Another,indie soul
Two Another,vapor soul
Tycho,chillwave
Tycho,downtempo
Tycho,indietronica
Tycho,intelligent dance music
Tyga,dance pop
Tyga,hip hop
Tyga,pop rap
Tyga,rap
Tyga,trap
"Tyler, The Creator",hip hop
"Tyler, The Creator",rap
Unknown Mortal Orchestra,chillwave
Unknown Mortal Orchestra,indie pop
Unknown Mortal Orchestra,indie rock
Unknown Mortal Orchestra,indie soul
Unknown Mortal Orchestra,kiwi rock
Unknown Mortal Orchestra,neo-psychedelic
Unknown Mortal Orchestra,new rave
Unknown Mortal Orchestra,portland hip hop
Unknown Mortal Orchestra,psychedelic pop
Urban Zakapa,k-indie
Urban Zakapa,k-pop
Urban Zakapa,korean pop
Usher,atl hip hop
Usher,dance pop
Usher,pop
Usher,r&b
Usher,south carolina hip hop
Usher,urban contemporary
VRITRA,baton rouge rap
VanJess,alternative r&b
VanJess,indie r&b
Varnish La Piscine,swiss hip hop
Vic Mensa,chicago rap
Vic Mensa,conscious hip hop
Vic Mensa,deep underground hip hop
Vic Mensa,hip hop
Vic Mensa,pop rap
Vic Mensa,rap
Vic Mensa,southern hip hop
Vic Mensa,trap
Vic Mensa,underground hip hop
Vince Staples,conscious hip hop
Vince Staples,escape room
Vince Staples,hip hop
Vince Staples,rap
Vince Staples,southern hip hop
Vince Staples,underground hip hop
Vulfpeck,ann arbor indie
Vulfpeck,funk rock
Vulfpeck,instrumental funk
WATCH THE DUCK,alternative r&b
WEDNESDAY CAMPANELLA,j-dance
WEDNESDAY CAMPANELLA,japanese electropop
Warren G,g funk
Warren G,gangster rap
Warren G,hardcore hip hop
Warren G,hip hop
Warren G,rap
Warren G,west coast rap
Washed Out,alternative dance
Washed Out,chillwave
Washed Out,indie pop
Washed Out,indie rock
Washed Out,indietronica
Washed Out,neo-synthpop
Washed Out,new rave
Washed Out,nu gaze
Washed Out,shimmer pop
Wayne Snow,indie jazz
Wayne Snow,indie soul
Westside Connection,g funk
Westside Connection,gangster rap
Westside Connection,hardcore hip hop
Westside Connection,hip hop
Westside Connection,rap
Westside Connection,southern hip hop
Westside Connection,west coast rap
Wiz Khalifa,hip hop
Wiz Khalifa,pittsburgh rap
Wiz Khalifa,pop rap
Wiz Khalifa,rap
Wiz Khalifa,southern hip hop
Wiz Khalifa,trap
Wolfgang Amadeus Mozart,classical
Wolfgang Amadeus Mozart,classical era
Woo Park,k-pop
Wu-Tang Clan,east coast hip hop
Wu-Tang Clan,gangster rap
Wu-Tang Clan,hardcore hip hop
Wu-Tang Clan,hip hop
Wu-Tang Clan,rap
Wun Two,chillhop
Wun Two,lo-fi beats
Xavier Omär,alternative r&b
Xavier Omär,indie r&b
Xavier Omär,indie soul
Xavier Omär,pop r&b
Xavier Omär,trap soul
YEAR OF THE OX,asian american hip hop
YGTUT,indie hip hop
YGTUT,tennessee hip hop
YGTUT,underground hip hop
Yaeji,art pop
Yaeji,electropop
Yaeji,escape room
Yaeji,experimental house
Yasuko Agawa,japanese city pop
Yeek,alternative r&b
Yeek,indie r&b
Yellow Days,bedroom pop
Yerin Baek,k-indie
Yerin Baek,k-pop
Yerin Baek,korean pop
Yo Gotti,dirty south rap
Yo Gotti,gangster rap
Yo Gotti,hip hop
Yo Gotti,memphis hip hop
Yo Gotti,pop rap
Yo Gotti,rap
Yo Gotti,southern hip hop
Yo Gotti,tennessee hip hop
Yo Gotti,trap
Young Money,dirty south rap
Young Money,gangster rap
Young Money,hip hop
Young Money,pop rap
Young Money,rap
Young Money,southern hip hop
Young Money,trap
Young Thug,atl hip hop
Young Thug,atl trap
Young Thug,gangster rap
Young Thug,melodic rap
Young Thug,pop rap
Young Thug,rap
Young Thug,trap
Your Old Droog,alternative hip hop
Your Old Droog,boom bap
Your Old Droog,underground hip hop
Yuna,alternative r&b
Yuna,malaysian pop
Yuno,gamecore
Yuno,jacksonville indie
Zacari,gqom
Zak Abel,uk contemporary r&b
Zico,k-pop
Zico,k-rap
Zico,korean pop
Zico,korean r&b
Zion.T,k-indie
Zion.T,k-pop
Zion.T,k-rap
Zion.T,korean pop
Zion.T,korean r&b
alt-J,indie rock
alt-J,modern rock
benny blanco,pop
benny blanco,pop rap
blackwave.,belgian hip hop
bülow,electropop
bülow,indie cafe pop
bülow,indie poptimism
bülow,indietronica
bülow,pop
bülow,social media pop
cehryl,bedroom soul
cehryl,indie r&b
dvsn,alternative r&b
dvsn,canadian contemporary r&b
dvsn,indie r&b
dvsn,pop
dvsn,pop r&b
dvsn,r&b
dvsn,trap soul
dvsn,urban contemporary
frederic,classical
frederic,early romantic era
frederic,polish classical
glue70,future funk
half•alive,indie pop
half•alive,modern alternative rock
half•alive,modern rock
half•alive,rock
jhfly,chillhop
jhfly,lo-fi beats
mxmtoon,bedroom pop
mxmtoon,indie pop
mxmtoon,pop
slenderbodies,indie poptimism
slenderbodies,modern rock
slenderbodies,vapor soul
starRo,j-rap
swim good now,canadian indie
tobi lou,alternative r&b
tobi lou,chicago rap
tobi lou,pop
tobi lou,pop rap
weird inside,chillhop
weird inside,future bass
weird inside,lo-fi beats
weird inside,vapor twitch
¿Téo?,social media pop
¿Téo?,trap
ØZI,taiwan hip hop
İkiye On Kala,turkish pop
İkiye On Kala,turkish rock
İkiye On Kala,turkish trap pop
